Test Battle	8.774	99.599
VS Big Man	2.932	125.114
Smithy	32.149	98.197
Armstrong	33.377	159.793
Bleck	9.248	62.566
Game Over	5.73	24.014
Victory	6.071	19.694
Pursuit_AJAA	7.917	53.322
Kirbo	2.084	60.02
Suspense	28.048549	52.798536
Final Boss	43.915126	119.915110	